Parameter_Set,Eigenvalue_Index,Real_Part,Imaginary_Part,Magnitude,Stable
1,1,-0.10309177955747373,0.0,0.10309177955747373,True
1,2,-31.893987388086188,0.0,31.893987388086188,True
1,3,-0.576080592125378,0.0,0.576080592125378,True
1,4,-0.19027305925740823,0.0,0.19027305925740823,True
1,5,-0.1380303069677107,0.0,0.1380303069677107,True
1,6,-0.09780687450651163,0.0,0.09780687450651163,True
1,7,-0.07292850803754392,0.0,0.07292850803754392,True
1,8,0.012352818448232843,0.0,0.012352818448232843,False
1,9,0.007524463115107824,0.0,0.007524463115107824,False
1,10,-0.016639599269985653,0.0,0.016639599269985653,True
1,11,-0.036337197967559964,0.0,0.036337197967559964,True
1,12,-0.04300659085478687,0.0,0.04300659085478687,True
1,13,-0.031140497417525212,0.0,0.031140497417525212,True
1,14,-0.3972405376861943,0.0,0.3972405376861943,True
1,15,-0.16739366004436818,0.0,0.16739366004436818,True
2,1,-0.03538920267942558,0.0,0.03538920267942558,True
2,2,-0.01937009879208161,0.0,0.01937009879208161,True
2,3,-15.646256831335476,0.0,15.646256831335476,True
2,4,-0.34059863886870356,0.0,0.34059863886870356,True
2,5,-0.17528012111678795,0.024951961586594407,0.17704722885641205,True
2,6,-0.17528012111678795,-0.024951961586594407,0.17704722885641205,True
2,7,-0.06829032703654157,0.0,0.06829032703654157,True
2,8,-0.013241902919611416,0.0,0.013241902919611416,True
2,9,-0.00022582928294095269,0.0,0.00022582928294095269,True
2,10,-0.002538793181774245,0.0,0.002538793181774245,True
2,11,-0.03677920712960673,0.0,0.03677920712960673,True
2,12,-0.0419423652969465,0.0,0.0419423652969465,True
2,13,-0.13505544460556962,0.0,0.13505544460556962,True
2,14,-0.01906326208001019,0.0,0.01906326208001019,True
2,15,-0.1703589547208395,0.0,0.1703589547208395,True
3,1,-0.12072525201745066,0.0,0.12072525201745066,True
3,2,-13.710052006195498,0.0,13.710052006195498,True
3,3,-0.6731144123967964,0.0,0.6731144123967964,True
3,4,-0.9945493313891063,0.0,0.9945493313891063,True
3,5,-0.07936221019247339,0.0,0.07936221019247339,True
3,6,-0.0023538033348850618,0.0,0.0023538033348850618,True
3,7,-0.010112606912406013,0.0,0.010112606912406013,True
3,8,-0.03777006409337697,0.006084704291536991,0.03825704337678557,True
3,9,-0.03777006409337697,-0.006084704291536991,0.03825704337678557,True
3,10,-0.024491461936172704,0.0,0.024491461936172704,True
3,11,-0.02749859163233342,0.0,0.02749859163233342,True
3,12,-0.04538549473916441,0.0,0.04538549473916441,True
3,13,-0.04276024049933426,0.0,0.04276024049933426,True
3,14,-0.12513512448464326,0.0,0.12513512448464326,True
3,15,-0.1563153828598729,0.0,0.1563153828598729,True
4,1,-0.13692910139084802,0.0,0.13692910139084802,True
4,2,-11.495906042905098,0.0,11.495906042905098,True
4,3,-0.5454393254327462,0.0,0.5454393254327462,True
4,4,-0.3842924719436694,0.0,0.3842924719436694,True
4,5,-0.11769449958696146,0.023744113483491435,0.12006572432689602,True
4,6,-0.11769449958696146,-0.023744113483491435,0.12006572432689602,True
4,7,-0.09754423235972377,0.0,0.09754423235972377,True
4,8,-0.06429424416058895,0.0,0.06429424416058895,True
4,9,0.0013897993928685592,0.0,0.0013897993928685592,False
4,10,-0.01603309219360554,0.0,0.01603309219360554,True
4,11,-0.03224008450695973,0.0,0.03224008450695973,True
4,12,-0.03573974824790169,0.0,0.03573974824790169,True
4,13,-0.023353313470009594,0.0,0.023353313470009594,True
4,14,-0.3693073513666434,0.0,0.3693073513666434,True
4,15,-0.2993206682511129,0.0,0.2993206682511129,True
5,1,-0.14123666125520629,0.0,0.14123666125520629,True
5,2,-14.529705686556476,0.0,14.529705686556476,True
5,3,-0.39171666695376034,0.0,0.39171666695376034,True
5,4,-0.2914792409111976,0.0,0.2914792409111976,True
5,5,-0.10076915758835751,0.0,0.10076915758835751,True
5,6,-0.05522059781897519,0.01916852821503564,0.05845294601143406,True
5,7,-0.05522059781897519,-0.01916852821503564,0.05845294601143406,True
5,8,-0.041629511980609636,0.0,0.041629511980609636,True
5,9,-0.04260059538795264,0.0,0.04260059538795264,True
5,10,-0.00312623851525062,0.0,0.00312623851525062,True
5,11,-0.016323262242834854,0.0,0.016323262242834854,True
5,12,-0.018444936273505734,0.0,0.018444936273505734,True
5,13,-0.01310943399886905,0.0,0.01310943399886905,True
5,14,-0.39073147495294336,0.0,0.39073147495294336,True
5,15,-0.08429896780626223,0.0,0.08429896780626223,True
6,1,-0.04106788242808079,0.0,0.04106788242808079,True
6,2,-0.008901997091944128,0.0,0.008901997091944128,True
6,3,-33.600267190301736,0.0,33.600267190301736,True
6,4,-0.3798346701261898,0.0,0.3798346701261898,True
6,5,-0.11277726155721024,0.018690083152883823,0.11431548422066506,True
6,6,-0.11277726155721024,-0.018690083152883823,0.11431548422066506,True
6,7,-0.06533216196747009,0.0,0.06533216196747009,True
6,8,-0.02333521947521969,0.0,0.02333521947521969,True
6,9,0.0017532514974325233,0.0,0.0017532514974325233,False
6,10,-0.0055985058669713985,0.0,0.0055985058669713985,True
6,11,-0.008872750507600159,0.0,0.008872750507600159,True
6,12,-0.04320391152524573,0.0,0.04320391152524573,True
6,13,-0.21999973743788703,0.0,0.21999973743788703,True
6,14,-0.01799654036904741,0.0,0.01799654036904741,True
6,15,-0.11986308638342602,0.0,0.11986308638342602,True
7,1,-0.14435068695917153,0.0,0.14435068695917153,True
7,2,-9.064827856410918,0.0,9.064827856410918,True
7,3,-0.34297425912786006,0.0,0.34297425912786006,True
7,4,-0.24124018511467638,0.0,0.24124018511467638,True
7,5,-0.21139319027265874,0.0,0.21139319027265874,True
7,6,-0.12483526792630142,0.0,0.12483526792630142,True
7,7,-0.10910705593753187,0.0,0.10910705593753187,True
7,8,-0.06907928459114783,0.0,0.06907928459114783,True
7,9,0.0047708408402570525,0.0,0.0047708408402570525,False
7,10,-0.0006989928903244522,0.0,0.0006989928903244522,True
7,11,-0.008555196231758499,0.0,0.008555196231758499,True
7,12,-0.046082750581693956,0.0,0.046082750581693956,True
7,13,-0.034753616100899366,0.0,0.034753616100899366,True
7,14,-0.12801206761281492,0.0,0.12801206761281492,True
7,15,-0.14659603531086418,0.0,0.14659603531086418,True
8,1,-0.040383607569083324,0.0,0.040383607569083324,True
8,2,-31.82460766464222,0.0,31.82460766464222,True
8,3,-0.18292429032527752,0.0,0.18292429032527752,True
8,4,-0.1461710842392509,0.023935414010009863,0.14811782442200788,True
8,5,-0.1461710842392509,-0.023935414010009863,0.14811782442200788,True
8,6,-0.1413785033707542,0.0,0.1413785033707542,True
8,7,-0.10461941105804155,0.0,0.10461941105804155,True
8,8,-0.06741818682101315,0.0,0.06741818682101315,True
8,9,-0.03751397170757283,0.0,0.03751397170757283,True
8,10,-0.0007209431383049839,0.0,0.0007209431383049839,True
8,11,-0.004950024009684569,0.0,0.004950024009684569,True
8,12,-0.003079861298227764,0.0,0.003079861298227764,True
8,13,-0.01980137355434252,0.0,0.01980137355434252,True
8,14,-0.34870424325816884,0.0,0.34870424325816884,True
8,15,-0.2548272814983932,0.0,0.2548272814983932,True
9,1,-0.10730072386166967,0.0,0.10730072386166967,True
9,2,-10.746913977843395,0.0,10.746913977843395,True
9,3,-0.5046652851752496,0.0,0.5046652851752496,True
9,4,-0.34958199988481076,0.0,0.34958199988481076,True
9,5,-0.20167254906661253,0.02070341873519359,0.20273245570048717,True
9,6,-0.20167254906661253,-0.02070341873519359,0.20273245570048717,True
9,7,-0.16400269484268795,0.0,0.16400269484268795,True
9,8,-0.03686688658282463,0.0,0.03686688658282463,True
9,9,-0.04376313150108734,0.0,0.04376313150108734,True
9,10,-0.0023164295818613287,0.0,0.0023164295818613287,True
9,11,-0.006338884966749327,0.0,0.006338884966749327,True
9,12,-0.005453587875088844,0.0,0.005453587875088844,True
9,13,-0.004431729427507904,0.0,0.004431729427507904,True
9,14,-0.09162243186366936,0.0,0.09162243186366936,True
9,15,-0.1423158590974083,0.0,0.1423158590974083,True
10,1,-0.06663390950123471,0.0,0.06663390950123471,True
10,2,-0.00867712153214753,0.0,0.00867712153214753,True
10,3,-39.37547017637779,0.0,39.37547017637779,True
10,4,-0.2292954066401145,0.0,0.2292954066401145,True
10,5,-0.14192474517529555,0.012143336853283282,0.14244330073051834,True
10,6,-0.14192474517529555,-0.012143336853283282,0.14244330073051834,True
10,7,-0.030715927660709588,0.0,0.030715927660709588,True
10,8,-0.02787655757696813,0.0,0.02787655757696813,True
10,9,-0.012427372461083422,0.0,0.012427372461083422,True
10,10,-0.016573123867500768,0.0,0.016573123867500768,True
10,11,-0.017132283276001987,0.0,0.017132283276001987,True
10,12,-0.04628040716833265,0.0,0.04628040716833265,True
10,13,-0.14136337100900676,0.0,0.14136337100900676,True
10,14,-0.014650779200930941,0.0,0.014650779200930941,True
10,15,-0.12570420260260562,0.0,0.12570420260260562,True
11,1,-0.1099689228567513,0.0,0.1099689228567513,True
11,2,-0.005749711178091449,0.0,0.005749711178091449,True
11,3,-65.92593008833879,0.0,65.92593008833879,True
11,4,-0.8363286023563811,0.0,0.8363286023563811,True
11,5,-0.18881649172053017,0.0,0.18881649172053017,True
11,6,-0.2029506213792812,0.0,0.2029506213792812,True
11,7,-0.08001775868380114,0.0,0.08001775868380114,True
11,8,-0.00059475542931083,0.0,0.00059475542931083,True
11,9,-0.00011117884248121471,0.0,0.00011117884248121471,True
11,10,-0.029494855708218443,0.0,0.029494855708218443,True
11,11,-0.02161382324927817,0.0,0.02161382324927817,True
11,12,-0.014671166538321859,0.0,0.014671166538321859,True
11,13,-0.30447748211592796,0.0,0.30447748211592796,True
11,14,-0.0226704433003988,0.0,0.0226704433003988,True
11,15,-0.14356482669342086,0.0,0.14356482669342086,True
12,1,-0.0478359352129587,0.0,0.0478359352129587,True
12,2,-45.582367386842726,0.0,45.582367386842726,True
12,3,-0.31554790929532517,0.0,0.31554790929532517,True
12,4,-0.18103935189631387,0.0,0.18103935189631387,True
12,5,-0.17624444225518945,0.0,0.17624444225518945,True
12,6,-0.1646011548543511,0.0,0.1646011548543511,True
12,7,-0.12947091644658298,0.0,0.12947091644658298,True
12,8,0.016135971754487288,0.0,0.016135971754487288,False
12,9,0.004023551053774702,0.0,0.004023551053774702,False
12,10,-0.050408474568283825,0.0,0.050408474568283825,True
12,11,-0.018009533746125572,0.0,0.018009533746125572,True
12,12,-0.038118186414810885,0.0,0.038118186414810885,True
12,13,-0.02425696798194903,0.0,0.02425696798194903,True
12,14,-0.1441962660386764,0.0,0.1441962660386764,True
12,15,-0.14458084174329144,0.0,0.14458084174329144,True
13,1,-0.1260561641180935,0.0,0.1260561641180935,True
13,2,-32.129497964522805,0.0,32.129497964522805,True
13,3,-0.21673913286759938,0.0,0.21673913286759938,True
13,4,-0.17792466666256662,0.00973079490271692,0.17819055916749402,True
13,5,-0.17792466666256662,-0.00973079490271692,0.17819055916749402,True
13,6,-0.13133338545473994,0.007537908884341026,0.13154952757555582,True
13,7,-0.13133338545473994,-0.007537908884341026,0.13154952757555582,True
13,8,-0.0420197205184102,0.0,0.0420197205184102,True
13,9,-0.03629651857897391,0.0,0.03629651857897391,True
13,10,0.0035284742397649026,0.0,0.0035284742397649026,False
13,11,1.988611834223938e-05,0.0,1.988611834223938e-05,False
13,12,-0.010902605281987913,0.0,0.010902605281987913,True
13,13,-0.0094483916954533,0.0,0.0094483916954533,True
13,14,-0.10739295008832528,0.0,0.10739295008832528,True
13,15,-0.200406402584008,0.0,0.200406402584008,True
14,1,-0.06330514168428891,0.0,0.06330514168428891,True
14,2,-13.247942949209545,0.0,13.247942949209545,True
14,3,-0.5906286685321154,0.0,0.5906286685321154,True
14,4,-0.4137198451756515,0.0,0.4137198451756515,True
14,5,-0.07990828522473938,0.00948555388388418,0.0804693095536576,True
14,6,-0.07990828522473938,-0.00948555388388418,0.0804693095536576,True
14,7,-0.06771749254277215,0.0,0.06771749254277215,True
14,8,-0.05209589444819698,0.0,0.05209589444819698,True
14,9,-0.04128111496714161,0.0,0.04128111496714161,True
14,10,0.005280543282172047,0.0,0.005280543282172047,False
14,11,0.004161812910120095,0.0,0.004161812910120095,False
14,12,-0.008046930722535595,0.0,0.008046930722535595,True
14,13,-0.005708161300456233,0.0,0.005708161300456233,True
14,14,-0.09930302136140767,0.0,0.09930302136140767,True
14,15,-0.2806408327948873,0.0,0.2806408327948873,True
15,1,-0.13028937928538653,0.0,0.13028937928538653,True
15,2,-28.217209999728322,0.0,28.217209999728322,True
15,3,-0.3112035926611434,0.0,0.3112035926611434,True
15,4,-0.2621685594173625,0.0,0.2621685594173625,True
15,5,-0.17950050028569725,0.008970736478305055,0.17972452174307987,True
15,6,-0.17950050028569725,-0.008970736478305055,0.17972452174307987,True
15,7,-0.15935418516071853,0.0,0.15935418516071853,True
15,8,-0.07137332332359528,0.0,0.07137332332359528,True
15,9,-0.03912018841462483,0.0,0.03912018841462483,True
15,10,0.004010510612279558,0.0,0.004010510612279558,False
15,11,0.0004294661973656084,0.0,0.0004294661973656084,False
15,12,-0.009528937851706661,0.0,0.009528937851706661,True
15,13,-0.006878351726325031,0.0,0.006878351726325031,True
15,14,-0.1507498847974631,0.0,0.1507498847974631,True
15,15,-0.1296813489926052,0.0,0.1296813489926052,True
