Parameter,Model,Train_R2,Test_R2,Train_MAE,Test_MAE,Train_RMSE,Test_RMSE,Overfitting
lambda1,XGBoost,0.9988564450080114,0.987816705385233,0.0002662303399645095,0.0007258427088082926,0.0003452130616573038,0.0011032424441949117,0.011039739622778377
lambda1,LightGBM,0.9991221243935295,0.9896164823265304,0.00022253526338566665,0.0006539956693225706,0.0003024650390704707,0.0010184995507929741,0.00950564206699911
lambda1,CatBoost,0.9987682766130713,0.9969022473975592,0.00026718220726876485,0.00036684217212392154,0.0003582739948650389,0.0005563037068686539,0.001866029215512155
lambda1,RandomForest,0.9918230465765195,0.9583021518139996,0.000627524487447902,0.0012915873653551997,0.0009231121230307208,0.0020410113061158676,0.03352089476251996
lambda1,ExtraTrees,0.9911330053750763,0.9687244289132589,0.0007258873182437875,0.0011312696944323956,0.0009612733784491368,0.0017676293858933996,0.022408576461817376
lambda1,SVR,-6.443195691276931,-6.706374699722155,0.026450085060371366,0.02645876818408628,0.02785084723632882,0.027746847632456793,0.2631790084452241
lambda1,NeuralNet,-1.8771458418576668,-8.359028668062777,0.013788974917204818,0.022367417135435653,0.017315683172804183,0.030577640992418102,6.48188282620511
lambda1,ElasticNet,0.0,-8.094188113094702e-06,0.007619051665375608,0.007480185136770361,0.010208423826681206,0.009995173707786914,8.094188113094702e-06
lambda2,XGBoost,0.9995082527082746,0.9798274970124258,0.0003197991311586165,0.0014527582152502419,0.00041544388509259577,0.002608495449976462,0.019680755695848817
lambda2,LightGBM,0.9971895894722286,0.9852917217348769,0.0005986821617087179,0.001286114704833666,0.0009931761100239265,0.002227363549023141,0.011897867737351686
lambda2,CatBoost,0.9985721793915832,0.9959363496929128,0.0005210334275698243,0.0007509307838233666,0.0007079102581646719,0.0011707612869210188,0.0026358296986703778
lambda2,RandomForest,0.9866796197509012,0.9538470957679952,0.001260345059233797,0.0024028732654630324,0.0021622190726980216,0.003945569581053843,0.03283252398290604
lambda2,ExtraTrees,0.9888578795594548,0.9535522666677685,0.0014463907010581554,0.0024103504608261003,0.0019775401372275053,0.00395815185395133,0.03530561289168632
lambda2,SVR,-17.800666705653516,-18.37753111638794,0.07944149511831691,0.07895480574157182,0.08123216118571536,0.08084616260285066,0.576864410734423
lambda2,NeuralNet,0.0267067306540969,-2.166503961913754,0.014676353780144475,0.023835854747583048,0.018482607576740268,0.03268136648837775,2.1932106925678507
lambda2,ElasticNet,0.0,-0.00029599838445126814,0.013215031710951262,0.013173736101631636,0.018734468759451468,0.01836853224619063,0.00029599838445126814
lambdaR1,XGBoost,0.9979446936007774,0.9753969018347647,0.00020613845076051368,0.0005316259091424595,0.00027450501967389487,0.0009352264019334358,0.022547791766012737
lambdaR1,LightGBM,0.9983178166225348,0.9843913489764569,0.0001668922982222059,0.00044739997269165543,0.00024834114083466333,0.000744911269101978,0.013926467646077967
lambdaR1,CatBoost,0.9981720473293938,0.9931116168374123,0.00018468763499336676,0.0002924683381150271,0.00025887760176900943,0.0004948578993354779,0.00506043049198146
lambdaR1,RandomForest,0.9866691167347226,0.9473919818581578,0.00044197339289082314,0.0008535774580974241,0.0006991034832706282,0.0013675645346486426,0.03927713487656481
lambdaR1,ExtraTrees,0.9873359724079908,0.9386433321562029,0.0005143239342393273,0.0009199815991652228,0.0006813934073050355,0.0014769056160540428,0.04869264025178788
lambdaR1,SVR,-11.067409013623786,-11.40663077887245,0.020272418435800736,0.020255651026860774,0.0210338619766907,0.021001426168626786,0.33922176524866465
lambdaR1,NeuralNet,-6.318875359465403,-20.982216586119627,0.013040093807568496,0.020610169753129567,0.01638076495967327,0.027954877935100084,14.663341226654225
lambdaR1,ElasticNet,0.0,-1.0932791609796766e-06,0.0045807689769432405,0.004466305400536898,0.0060549701052556295,0.0059624135662827826,1.0932791609796766e-06
lambdaR2,XGBoost,0.9970402236594967,0.9657728066216242,0.00015724724172802424,0.00036642973177533844,0.00021353250521357462,0.0007124575013155852,0.0312674170378725
lambdaR2,LightGBM,0.9986824914341855,0.9771129810704626,9.91816233715078e-05,0.0003090335943164504,0.0001424660134836193,0.0005825965835977594,0.0215695103637229
lambdaR2,CatBoost,0.9980237345529466,0.991412216287304,0.00012578181445121632,0.00020215891001296459,0.00017448463406516222,0.00035687314498306273,0.006611518265642546
lambdaR2,RandomForest,0.9853213180124294,0.9220288626146279,0.0002950460012089987,0.0006207940312444651,0.0004755301733649879,0.0010753262655593138,0.06329245539780148
lambdaR2,ExtraTrees,0.9891440733058539,0.9383258497013709,0.0003042585700108754,0.0005666364182567051,0.000408947915871257,0.0009563677144431477,0.05081822360448296
lambdaR2,SVR,-10.269649750649176,-10.595232412542957,0.012682033797365183,0.012646286702423189,0.013176187236358314,0.013113331741198813,0.3255826618937814
lambdaR2,NeuralNet,-15.744026997106008,-49.66815674959822,0.012776154090087359,0.020073877252451702,0.016060701333634974,0.027412009386945945,33.924129752492206
lambdaR2,ElasticNet,0.0,-0.00012410165660048378,0.002941181749554982,0.0028589609588044523,0.003924953791946571,0.0038512371814197633,0.00012410165660048378
K,XGBoost,0.9999544919682017,0.9972384378784993,17.88308634367164,116.34445488009163,24.03758148564128,181.48586373565553,0.0027160540897024354
K,LightGBM,0.9999313777787145,0.9986963309168359,21.013592054959414,73.28833048734055,29.51746989811394,124.69501082242823,0.001235046861878697
K,CatBoost,0.999606082086273,0.9988888549251346,50.212420861449864,70.3794611766853,70.72119795096145,115.11999893953718,0.0007172271611384229
K,RandomForest,0.9996455812761447,0.9978150558974905,38.59566584961662,85.61357008429943,67.0818562719003,161.43048797706942,0.0018305253786541353
K,ExtraTrees,0.9990914043505827,0.9973918435075523,78.59933014345614,120.91830681630998,107.40687216672505,176.37304673319574,0.0016995608430304676
K,SVR,-0.05931835065276059,-0.03211606367894326,3106.063401364837,2940.923159756855,3667.4144419906124,3508.566099540555,-0.027202286973817325
K,NeuralNet,0.9998477139646187,0.9967457989387927,32.66386106426782,112.51476768941802,43.97205709812822,197.00968894608334,0.0031019150258260186
K,ElasticNet,0.602434007491688,0.6218490059315749,1826.4172110199383,1726.0470918203657,2246.7324455217313,2123.72371796935,-0.01941499843988692
beta1,XGBoost,0.9990496643595727,0.992741026185234,0.0002544456923423498,0.0006176706478381653,0.00033518278552853475,0.0009338677876531681,0.006308638174338688
beta1,LightGBM,0.9994761763884822,0.9946430178610106,0.00018038609049717775,0.0005275612992974199,0.0002488489041699206,0.0008022465897303064,0.0048331585274715705
beta1,CatBoost,0.9981461463522947,0.9960654375165214,0.00035407258919003084,0.0004846519528398372,0.00046814557239747653,0.0006875368874802878,0.0020807088357732706
beta1,RandomForest,0.9957539580050816,0.9860590405196865,0.00048639867417268315,0.0008583224321659315,0.0007084926349837098,0.001294178298038535,0.009694917485395083
beta1,ExtraTrees,0.993398631495769,0.9843810059268545,0.0006323198208022204,0.0009344559368385509,0.0008834056768997542,0.001369854089218962,0.0090176255689145
beta1,SVR,-0.10914374342676525,-0.12238916014320167,0.010221053164618714,0.010396549851453954,0.011450833878597454,0.01161233382746847,0.01324541671643642
beta1,NeuralNet,-1.4632299380544738,-6.03723562388628,0.013583672901547337,0.02121070643911201,0.01706458278285105,0.029076948463210812,4.574005685831807
beta1,ElasticNet,0.0,-0.0004896368228226589,0.0094185146521999,0.0095815293249952,0.010872845011891903,0.010963622606847228,0.0004896368228226589
beta2,XGBoost,0.999861023695298,0.9942599153783269,0.0003536066197320964,0.0020217320621074863,0.000471024672335733,0.0030865394637843912,0.005601108316971026
beta2,LightGBM,0.9997345318593054,0.9967104449709563,0.0004677380350916165,0.0014513264529699259,0.0006509977390474378,0.002336583279619649,0.003024086888349098
beta2,CatBoost,0.9989553431335229,0.9978925610119492,0.0009475749033821319,0.001243054465313164,0.0012913979950198078,0.001870209211929193,0.0010627821215736244
beta2,RandomForest,0.99906848358147,0.9961649796544949,0.0006978368661345295,0.0012886536960208096,0.0012194627342925822,0.0025228795869419868,0.0029035039269751373
beta2,ExtraTrees,0.9978810295648457,0.9960700866944994,0.0013347635380009932,0.0016441238699311217,0.0018392286560866208,0.002553901667122392,0.0018109428703463326
beta2,SVR,-0.011080365032755779,-0.005765925739682931,0.03636662391570975,0.03722046669658057,0.04017594626263766,0.0408564986798795,-0.005314439293072848
beta2,NeuralNet,0.6074875187108011,-0.08950676734456287,0.019882348147625885,0.03226541630064658,0.025032257163575322,0.042523367793331115,0.696994286055364
beta2,ElasticNet,0.0,-0.0007454997491498361,0.035815621572534435,0.03665450904571737,0.03995519698988786,0.040754400551839993,0.0007454997491498361
phi1,XGBoost,0.9998783593424273,0.9956041913653748,0.00037945108557942034,0.0020761351624898287,0.0005178074534337142,0.003138067175245971,0.00427416797705249
phi1,LightGBM,0.9996941068335251,0.996827931219976,0.0005831750666211471,0.0017554211947066836,0.0008211335660178165,0.002665717634684203,0.0028661756135490712
phi1,CatBoost,0.9988626927526798,0.9974739931896326,0.0011624043623403204,0.00160225051866774,0.0015833168045537348,0.002378811918599269,0.0013886995630472132
phi1,RandomForest,0.9990697717379399,0.9954817116609391,0.000939478225986499,0.0020188093278337422,0.0014319362478182555,0.003181484549114677,0.003588060077000743
phi1,ExtraTrees,0.9985548764134174,0.9961889012802222,0.0012921335615650458,0.0020733134574934314,0.0017847665284353195,0.0029219174796901158,0.0023659751331952528
phi1,SVR,-0.1187060006710654,-0.11859849047484516,0.04398250592994215,0.04459058015590736,0.049657734444713025,0.05005874549278698,-0.0001075101962202396
phi1,NeuralNet,0.7083782472552994,0.13353461501407804,0.020030098254547737,0.03365258779494356,0.025353555723463723,0.04405735859079085,0.5748436322412214
phi1,ElasticNet,0.0,-6.866442820330221e-06,0.0420075785091667,0.042414522944683196,0.04694927799164666,0.047330853743649676,6.866442820330221e-06
phi2,XGBoost,0.9997983726320011,0.9971248463446774,0.000281542815219059,0.0009059147955847504,0.00037947463063487107,0.0013888558972612911,0.0026735262873237575
phi2,LightGBM,0.9999313777860392,0.9986963309629369,0.00015760194159412217,0.0005496624463649856,0.0002213810124207505,0.000935212564632449,0.0012350468231023815
phi2,CatBoost,0.9996060820583117,0.998888854998603,0.0003765931814202912,0.0005278459580398909,0.0005304090034570896,0.000863399963502684,0.0007172270597086694
phi2,RandomForest,0.9996440857183424,0.9977934744346182,0.0002896812422410797,0.0006431440123477576,0.0005041743116275081,0.0012166933639651642,0.0018506112837242128
phi2,ExtraTrees,0.9990750933866901,0.9975919064890165,0.0005899425657067507,0.0008875662001056779,0.0008127499450687203,0.001271052037729643,0.0014831868976735718
phi2,SVR,-0.01655505130194812,-0.03434941765531585,0.02492110373863978,0.02413933870957824,0.026944706528932938,0.026342700524952908,0.01779436635336773
phi2,NeuralNet,0.3541327052874359,-0.9295398637394825,0.017010527444378025,0.027132009942514117,0.02147729849751818,0.03597936839723238,1.2836725690269184
phi2,ElasticNet,0.0,-0.002764894587293565,0.02436886352225407,0.023410955913109703,0.02672440264333088,0.025937386777649396,0.002764894587293565
phi3,XGBoost,0.9998913453542543,0.9979490699281809,0.00032881974693508024,0.0013874774327230018,0.00042644804332478707,0.0018642201464315422,0.001942275426073392
phi3,LightGBM,0.9999827807089238,0.9997682527302069,0.0001290204239825881,0.00045352071395552974,0.00016976556755066396,0.0006266558290563863,0.0002145279787169052
phi3,CatBoost,0.9998332413783086,0.9997007857245737,0.00038407523397552873,0.0005154859910419435,0.0005283067072710065,0.0007120539917506044,0.00013245565373498636
phi3,RandomForest,0.9999996521961546,0.9999987902396287,1.3216130823928542e-05,2.4926735986639514e-05,2.4127324520532267e-05,4.527635407330395e-05,8.619565259326833e-07
phi3,ExtraTrees,0.99996324595234,0.9999611234660251,0.00015026441939023835,0.00015563364387225398,0.00024802448872870785,0.0002566643436990384,2.122486314926064e-06
phi3,SVR,-0.18042257243304238,-0.17310057306652737,0.040023542553777144,0.040281442415327495,0.04444887042892298,0.04458506396186535,-0.0073219993665150085
phi3,NeuralNet,0.6219119844685922,-0.09506016620603996,0.0198519885716222,0.03209204328818584,0.025155817290351195,0.04307653490986234,0.7169721506746322
phi3,ElasticNet,0.0,-3.7152797069728294e-05,0.034693473942032725,0.035046435233496674,0.0409111771703563,0.04116516286866286,3.7152797069728294e-05
delta_I,XGBoost,0.99984615421168,0.9969876138453371,0.0003130361859132573,0.001256722945648622,0.000410191026889091,0.0018995363620124856,0.002858540366342921
delta_I,LightGBM,0.9999289521012693,0.999190902761058,0.00021108006945071844,0.00067147947859672,0.00027875262705715154,0.0009844477021940755,0.0007380493402112664
delta_I,CatBoost,0.9997675966109619,0.9996105210867889,0.0003828105391559302,0.000510887836237212,0.0005041555801350294,0.0006830213274422439,0.0001570755241729893
delta_I,RandomForest,0.9999215707917986,0.9996266036279678,0.00018046033056788772,0.00037463466752800655,0.0002928749754891823,0.0006687708530432349,0.0002949671638307061
delta_I,ExtraTrees,0.9996912593799394,0.999499662271449,0.00046254697841797694,0.0005782343703837673,0.0005810857642870143,0.0007741478577925843,0.00019159710849037115
delta_I,SVR,-0.44367776264172987,-0.3863228045129714,0.035951725264627525,0.0371633705467449,0.03973548181815348,0.040749705432157696,-0.05735495812875846
delta_I,NeuralNet,0.5737699175467902,-0.16306659836319892,0.01720262975991636,0.02824137710250597,0.021590634180989488,0.037324550124420264,0.7368365159099891
delta_I,ElasticNet,0.0,-0.00022294895818530946,0.026859721700984038,0.028582712334681626,0.03307069713488406,0.03461311596572006,0.00022294895818530946
omega_R1,XGBoost,0.9810389758834158,0.9682244569390418,5.728034844239964e-05,7.220230874496201e-05,7.824951597517004e-05,0.00010369894536016058,0.01281451894437402
omega_R1,LightGBM,0.9993622885928325,0.989871509418431,1.0641123157463245e-05,3.6823280647934555e-05,1.435036202175067e-05,5.854640235045376e-05,0.009490779174401442
omega_R1,CatBoost,0.998313605151202,0.9953405018333404,1.7007777303243213e-05,2.6142920535977033e-05,2.3336213960350063e-05,3.9709774545099196e-05,0.002973103317861603
omega_R1,RandomForest,0.9958126100279584,0.9776458354276373,2.537147601040619e-05,5.6134917634071846e-05,3.677244176444186e-05,8.697753006838498e-05,0.018166774600321123
omega_R1,ExtraTrees,0.9950382634778738,0.9809513557956809,2.983105340679292e-05,5.3793183220953544e-05,4.002834311908352e-05,8.02897089763368e-05,0.014086907682192895
omega_R1,SVR,-0.4720996984931123,-0.43278209353368147,0.0006288569045588311,0.0006375243125266206,0.0006894763540332363,0.0006963345135364608,-0.03931760495943082
omega_R1,NeuralNet,-755.3740112614256,-2053.622405761202,0.012410896440897537,0.019314222445632252,0.015628563571248234,0.026369012047785356,1298.2483944997766
omega_R1,ElasticNet,0.0,-0.00017740727242032683,0.00045791003778010496,0.00047188518186331717,0.0005682648119479425,0.0005817901562605048,0.00017740727242032683
omega_R2,XGBoost,0.9576512028559454,0.9437238026820209,4.390687764397846e-05,4.902482758576339e-05,5.712033225476302e-05,6.743595987175395e-05,0.013927400173924465
omega_R2,LightGBM,0.9992991965245887,0.9885296851595788,5.503706677599479e-06,1.9737113853735485e-05,7.347985806505488e-06,3.0445060474600524e-05,0.01076951136500981
omega_R2,CatBoost,0.9980941080233239,0.9948577743559245,9.028194101229881e-06,1.3309165357477574e-05,1.2117675719487086e-05,2.038471935061951e-05,0.0032363336673993937
omega_R2,RandomForest,0.9958280330341664,0.9768132742883747,1.1803331269846837e-05,2.6924689442605116e-05,1.7928362128524783e-05,4.328614241474173e-05,0.019014758745791727
omega_R2,ExtraTrees,0.9951370321427236,0.9805538030776542,1.4018758946210167e-05,2.5762062370888268e-05,1.9356234940010994e-05,3.964117431408909e-05,0.01458322906506948
omega_R2,SVR,-0.5886729209179449,-0.54048044595621,0.0003218306982210553,0.00032544321970874867,0.0003498544737413791,0.0003528233073395551,-0.048192474961734844
omega_R2,NeuralNet,-3170.542693622445,-8544.886391858217,0.012429717803486891,0.019240782783616805,0.0156316731749711,0.02627893309582834,5374.3436982357725
omega_R2,ElasticNet,0.0,-0.00019578221033245136,0.000223667158718448,0.0002305989157946392,0.00027756850436904675,0.0002842966099908591,0.00019578221033245136
genetic_instability,XGBoost,0.9996768752824772,0.9880746170102799,0.0033816466719160734,0.019225277908844686,0.004443966022329045,0.02681892608246498,0.011602258272197297
genetic_instability,LightGBM,0.9991414310505617,0.9918240752481536,0.00544612993508382,0.015492127251595812,0.007243913043092202,0.02220616990524282,0.00731735580240811
genetic_instability,CatBoost,0.9977131338268751,0.9950199977357945,0.009011334056033896,0.012570860360106817,0.011822409947493338,0.017330854877160216,0.0026931360910805724
genetic_instability,RandomForest,0.9955500743277085,0.9802782707161585,0.011155133410137385,0.02295258025290678,0.016491570582215162,0.034488770475512735,0.015271803611550006
genetic_instability,ExtraTrees,0.991704761033403,0.9787361203972933,0.015814158339343444,0.0241231077756968,0.022516458841055728,0.035811826175366664,0.012968640636109696
genetic_instability,SVR,0.931815173221424,0.9030664485771164,0.05508418338999631,0.060911219799031455,0.06455494420932933,0.07646140566560616,0.028748724644307666
genetic_instability,NeuralNet,0.9733097381677925,0.8790352274507094,0.031768335030950674,0.0654581267192498,0.040388902906996496,0.0854151036266004,0.09427451071708315
genetic_instability,ElasticNet,0.686471051395207,0.6880814336539279,0.11692124495981193,0.11509003350039061,0.13842816514997375,0.13715947956258293,-0.0016103822587208994
eta_E,XGBoost,0.9998033884012594,0.989367313355242,0.0025152771451043715,0.015481089540272564,0.0033329374514545363,0.02404925126770332,0.010436075046017401
eta_E,LightGBM,0.9995829107577646,0.994936108207922,0.003599206720685923,0.010903869130804057,0.004854417115465228,0.01659671975863305,0.004646802549842621
eta_E,CatBoost,0.9989948455608448,0.997712282151962,0.005704295620472816,0.007422144893113451,0.00753596709691541,0.011155300727836017,0.0012825634088828863
eta_E,RandomForest,0.9979292283933818,0.9906684663563607,0.005229964208609066,0.010006672311577692,0.010816548373320705,0.02252976000561784,0.007260762037021085
eta_E,ExtraTrees,0.9936812929173251,0.9888007935732919,0.010883412469759227,0.01286321991667336,0.01889455672739548,0.02468162089108065,0.004880499344033229
eta_E,SVR,0.9112768212435488,0.8310197199594338,0.062091984818152306,0.07566447080496323,0.07080128545179931,0.0958733858581458,0.080257101284115
eta_E,NeuralNet,0.9781018488087643,0.90480520088357,0.0273691969547201,0.05672964479658932,0.03517436946824368,0.07195925580571713,0.0732966479251943
eta_E,ElasticNet,0.555749947585557,0.5512778540810979,0.12679526831135352,0.12483947680816991,0.15842960519505417,0.15623157261761866,0.004472093504459096
eta_C,XGBoost,0.9996417719564645,0.9860118752690464,0.002317737711151171,0.012961952474417091,0.0030379949975262,0.019208296956229644,0.013629896687418097
eta_C,LightGBM,0.9989661867219778,0.9873896234477582,0.003887753355244409,0.012136497643403186,0.005160934137283729,0.018237829050600108,0.011576563274219631
eta_C,CatBoost,0.9980167706224006,0.9951970948330662,0.005309037211533886,0.00712523015421632,0.00714815131619085,0.011255404797404436,0.002819675789334397
eta_C,RandomForest,0.9891532960330828,0.9613076860748204,0.011850840355950618,0.021604682030446135,0.016716915895979626,0.03194636611106203,0.027845609958262352
eta_C,ExtraTrees,0.9795008897877882,0.9545721303416683,0.01671405281520785,0.024394074609796253,0.022981309362040552,0.034615475251130005,0.02492875944611983
eta_C,SVR,0.8412349663673476,0.7903720236052074,0.05496551113544199,0.060183553295026324,0.06395650067597916,0.07435903312169055,0.050862942762140206
eta_C,NeuralNet,0.9184300250243682,0.745591768498739,0.036002456787603235,0.0632190255589444,0.045842936445195284,0.0819171232817637,0.17283825652562923
eta_C,ElasticNet,0.35832420232950923,0.35574611314767945,0.1044471280184741,0.10388625813814482,0.1285775343734037,0.1303579844033576,0.002578089181829779
eta_H,XGBoost,0.9998633894270835,0.9901345266401086,0.001231030014299258,0.008796235801193148,0.0016518136321826546,0.01439553626179736,0.009728862786974934
eta_H,LightGBM,0.9994214904836471,0.9929259008218427,0.0024118002292076507,0.00791033478450691,0.0033991798475292924,0.01219002105895638,0.006495589661804413
eta_H,CatBoost,0.9989778453891679,0.9978566195547098,0.003127119133180007,0.0043427299959823504,0.0045183220809846434,0.0067099381320404996,0.0011212258344580617
eta_H,RandomForest,0.9976169989158049,0.9877378017931747,0.0036469609360071037,0.008345048559585486,0.006898918422608615,0.016049187454770984,0.00987919712263019
eta_H,ExtraTrees,0.9932114424363296,0.9855098168845571,0.007142861094854174,0.010091763473745019,0.011644145997430506,0.017446399805141958,0.007701625551772562
eta_H,SVR,0.7737892976997858,0.7016390936158668,0.059163893532206885,0.06642411734724803,0.06721643327579835,0.07916620792405404,0.07215020408391892
eta_H,NeuralNet,0.9455292832152462,0.8270295419111512,0.025857454463083344,0.04694964575223176,0.032983780733158906,0.060277447233127834,0.11849974130409502
eta_H,ElasticNet,0.31218710853478193,0.30415888712373285,0.08889124877068456,0.09074969540152779,0.11720713367906418,0.12089933893614288,0.008028221411049086
eta_I,XGBoost,0.9997137723502811,0.9889424631049968,0.002958458760040784,0.01702366391991445,0.0039914233379167744,0.025023574186807746,0.010771309245284355
eta_I,LightGBM,0.9990264528404699,0.9902422967484434,0.0052270032586897285,0.015105628835815819,0.007361231859315127,0.023506823469236014,0.00878415609202643
eta_I,CatBoost,0.9955461489939269,0.9907717683718945,0.011604098350992693,0.015506323204739507,0.0157448976686489,0.022860166335516085,0.0047743806220323926
eta_I,RandomForest,0.9944756064996699,0.9817122124749025,0.010861302633877494,0.01969060792020619,0.017535344517165114,0.032181088253243284,0.01276339402476745
eta_I,ExtraTrees,0.9913104642064029,0.9788590274569539,0.014653333645775191,0.02240337446443197,0.021992281626768893,0.03460051984777418,0.01245143674944904
eta_I,SVR,0.9226132380797603,0.8962282820160066,0.05606717326590608,0.06233424211490544,0.06563044327605783,0.07665838156784034,0.026384956063753684
eta_I,NeuralNet,0.9676996897917987,0.883294171348431,0.033241477207295846,0.06189981860024296,0.04240092652628179,0.0812954830643817,0.08440551844336763
eta_I,ElasticNet,0.6770981477057549,0.6816492662429352,0.11933391557182085,0.12015444324423027,0.1340624859135737,0.13426817016842388,-0.004551118537180265
